<?xml version='1.0' encoding='UTF-8' standalone='yes' ?><memogroup count="10"><group name="Work" id="5" flag="2" sort="0" securityflag="0" /><group name="Entertainment" id="6" flag="3" sort="0" securityflag="0" /><group name="Other" id="7" flag="4" sort="0" securityflag="0" /><group name="同事" id="8" flag="0" sort="0" securityflag="0" /><group name="新建" id="9" flag="0" sort="0" securityflag="0" /><group name="00" id="10" flag="0" sort="0" securityflag="0" /><group name="个人" id="1" flag="0" sort="1" securityflag="0" /><group name="工作" id="2" flag="0" sort="2" securityflag="0" /><group name="休闲" id="3" flag="0" sort="3" securityflag="0" /><group name="其它" id="4" flag="0" sort="4" securityflag="0" /></memogroup>