<?xml version='1.0' encoding='UTF-8' standalone='yes' ?><EMailAccount Count="1"><Item><compatibilityUuid>7dfda738-7f6b-49a9-9619-0e4df2d2c0a2</compatibilityUuid><displayName>何斌斌</displayName><emailAddress>yl83301199@163.com</emailAddress><flags>8192</flags><hostAuthKeyRecv>1</hostAuthKeyRecv><hostAuthKeySend>2</hostAuthKeySend><_id>164213442</_id><isDefault>0</isDefault><newMessageCount>0</newMessageCount><protocolVersion>imap1.0</protocolVersion><ringtoneUri>content://settings/system/notification_sound</ringtoneUri><senderName>何斌斌</senderName><syncInterval>60</syncInterval><syncKey></syncKey><syncLookback>-1</syncLookback><bccToMe>0</bccToMe><forwardReferSource>1</forwardReferSource><replyReferHead>1</replyReferHead><replyReferText>1</replyReferText><rememberPassword>1</rememberPassword><signature>发自我的酷派手机！</signature><policyKey>1</policyKey><notifiedMessageId>0</notifiedMessageId><notifiedMessageCount>0</notifiedMessageCount><isDeleteSure>1</isDeleteSure><sort></sort><syncCalenderPeriod></syncCalenderPeriod><isUseVpn>0</isUseVpn><vpnPassword></vpnPassword><vpnProtocolType>0</vpnProtocolType><vpnServerIp></vpnServerIp><vpnUserName></vpnUserName><remotemessageuid>1374647519 ,1374647518 ,1374647516 ,1374647515 ,1374647514 ,1374647510 ,1374647507 ,1374647506 ,1374647503 ,1374647502 ,1374647501 ,null</remotemessageuid><reserverString1></reserverString1><reserverLong1>0</reserverLong1><workingDay>62</workingDay><syncIntervalOfNonWorkingHours>-1</syncIntervalOfNonWorkingHours><workingHours>08:00-18:00</workingHours></Item></EMailAccount>