<?xml version='1.0' encoding='UTF-8' standalone='yes' ?><EMailHostAuth Count="2"><Item><accountKey>164213442</accountKey><address>imap.163.com</address><domain></domain><flags>13</flags><_id>1</_id><login>yl83301199@163.com</login><password>yulong</password><port>993</port><protocol>imap</protocol><certAlias></certAlias></Item><Item><accountKey>164213442</accountKey><address>smtp.163.com</address><domain></domain><flags>13</flags><_id>2</_id><login>yl83301199@163.com</login><password>yulong</password><port>465</port><protocol>smtp</protocol><certAlias></certAlias></Item></EMailHostAuth>