<?xml version='1.0' encoding='UTF-8' standalone='yes' ?><EMailMailBox Count="9"><Item><accountKey>164213442</accountKey><delimiter>0</delimiter><displayName>Inbox</displayName><flagVisible>1</flagVisible><flags>520</flags><_id>1</_id><parentServerId></parentServerId><serverId>Inbox</serverId><syncInterval>-1</syncInterval><syncKey></syncKey><syncLookback>0</syncLookback><syncStatus></syncStatus><syncTime>0</syncTime><type>0</type><unreadCount>0</unreadCount><visibleLimit>25</visibleLimit><timeStamp>1376317992330</timeStamp><parentKey>-1</parentKey><messageCount>0</messageCount><uiSyncStatus>0</uiSyncStatus><uiLastSyncResult>0</uiLastSyncResult><lastNotifiedMessageKey>0</lastNotifiedMessageKey><lastNotifiedMessageCount>0</lastNotifiedMessageCount><totalCount>-9999</totalCount><lastSeenMessageKey>0</lastSeenMessageKey><lastTouchedTime>0</lastTouchedTime><folderremotemessageuid></folderremotemessageuid><reserverstring1></reserverstring1><reserverlong1>0</reserverlong1></Item><Item><accountKey>164213442</accountKey><delimiter>0</delimiter><displayName>Outbox</displayName><flagVisible>1</flagVisible><flags>8</flags><_id>2</_id><parentServerId></parentServerId><serverId>Outbox</serverId><syncInterval>-1</syncInterval><syncKey></syncKey><syncLookback>0</syncLookback><syncStatus></syncStatus><syncTime>0</syncTime><type>3</type><unreadCount>0</unreadCount><visibleLimit>25</visibleLimit><timeStamp>1376317785952</timeStamp><parentKey>-1</parentKey><messageCount>0</messageCount><uiSyncStatus>0</uiSyncStatus><uiLastSyncResult>0</uiLastSyncResult><lastNotifiedMessageKey>0</lastNotifiedMessageKey><lastNotifiedMessageCount>0</lastNotifiedMessageCount><totalCount>-9999</totalCount><lastSeenMessageKey>0</lastSeenMessageKey><lastTouchedTime>0</lastTouchedTime><folderremotemessageuid></folderremotemessageuid><reserverstring1></reserverstring1><reserverlong1>0</reserverlong1></Item><Item><accountKey>164213442</accountKey><delimiter>0</delimiter><displayName>Drafts</displayName><flagVisible>1</flagVisible><flags>520</flags><_id>3</_id><parentServerId></parentServerId><serverId>Drafts</serverId><syncInterval>-1</syncInterval><syncKey></syncKey><syncLookback>0</syncLookback><syncStatus></syncStatus><syncTime>0</syncTime><type>5</type><unreadCount>0</unreadCount><visibleLimit>25</visibleLimit><timeStamp>1376317786629</timeStamp><parentKey>-1</parentKey><messageCount>0</messageCount><uiSyncStatus>0</uiSyncStatus><uiLastSyncResult>0</uiLastSyncResult><lastNotifiedMessageKey>0</lastNotifiedMessageKey><lastNotifiedMessageCount>0</lastNotifiedMessageCount><totalCount>-9999</totalCount><lastSeenMessageKey>0</lastSeenMessageKey><lastTouchedTime>1376317786605</lastTouchedTime><folderremotemessageuid></folderremotemessageuid><reserverstring1></reserverstring1><reserverlong1>0</reserverlong1></Item><Item><accountKey>164213442</accountKey><delimiter>47</delimiter><displayName>Sent</displayName><flagVisible>1</flagVisible><flags>536</flags><_id>4</_id><parentServerId></parentServerId><serverId>Sent</serverId><syncInterval>-1</syncInterval><syncKey></syncKey><syncLookback>0</syncLookback><syncStatus></syncStatus><syncTime>0</syncTime><type>4</type><unreadCount>0</unreadCount><visibleLimit>25</visibleLimit><timeStamp>1376317786640</timeStamp><parentKey>-1</parentKey><messageCount>0</messageCount><uiSyncStatus>0</uiSyncStatus><uiLastSyncResult>0</uiLastSyncResult><lastNotifiedMessageKey>0</lastNotifiedMessageKey><lastNotifiedMessageCount>0</lastNotifiedMessageCount><totalCount>-9999</totalCount><lastSeenMessageKey>0</lastSeenMessageKey><lastTouchedTime>1376317786605</lastTouchedTime><folderremotemessageuid></folderremotemessageuid><reserverstring1></reserverstring1><reserverlong1>0</reserverlong1></Item><Item><accountKey>164213442</accountKey><delimiter>47</delimiter><displayName>草稿箱</displayName><flagVisible>1</flagVisible><flags>24</flags><_id>5</_id><parentServerId></parentServerId><serverId>草稿箱</serverId><syncInterval>0</syncInterval><syncKey></syncKey><syncLookback>0</syncLookback><syncStatus></syncStatus><syncTime>0</syncTime><type>1</type><unreadCount>0</unreadCount><visibleLimit>25</visibleLimit><timeStamp>1376317787882</timeStamp><parentKey>-1</parentKey><messageCount>0</messageCount><uiSyncStatus>0</uiSyncStatus><uiLastSyncResult>0</uiLastSyncResult><lastNotifiedMessageKey>0</lastNotifiedMessageKey><lastNotifiedMessageCount>0</lastNotifiedMessageCount><totalCount>-9999</totalCount><lastSeenMessageKey>0</lastSeenMessageKey><lastTouchedTime>0</lastTouchedTime><folderremotemessageuid></folderremotemessageuid><reserverstring1></reserverstring1><reserverlong1>0</reserverlong1></Item><Item><accountKey>164213442</accountKey><delimiter>47</delimiter><displayName>已发送</displayName><flagVisible>1</flagVisible><flags>24</flags><_id>6</_id><parentServerId></parentServerId><serverId>已发送</serverId><syncInterval>0</syncInterval><syncKey></syncKey><syncLookback>0</syncLookback><syncStatus></syncStatus><syncTime>0</syncTime><type>1</type><unreadCount>0</unreadCount><visibleLimit>25</visibleLimit><timeStamp>1376317787923</timeStamp><parentKey>-1</parentKey><messageCount>0</messageCount><uiSyncStatus>0</uiSyncStatus><uiLastSyncResult>0</uiLastSyncResult><lastNotifiedMessageKey>0</lastNotifiedMessageKey><lastNotifiedMessageCount>0</lastNotifiedMessageCount><totalCount>-9999</totalCount><lastSeenMessageKey>0</lastSeenMessageKey><lastTouchedTime>0</lastTouchedTime><folderremotemessageuid></folderremotemessageuid><reserverstring1></reserverstring1><reserverlong1>0</reserverlong1></Item><Item><accountKey>164213442</accountKey><delimiter>47</delimiter><displayName>已删除</displayName><flagVisible>1</flagVisible><flags>24</flags><_id>7</_id><parentServerId></parentServerId><serverId>已删除</serverId><syncInterval>0</syncInterval><syncKey></syncKey><syncLookback>0</syncLookback><syncStatus></syncStatus><syncTime>0</syncTime><type>1</type><unreadCount>0</unreadCount><visibleLimit>25</visibleLimit><timeStamp>1376317787935</timeStamp><parentKey>-1</parentKey><messageCount>0</messageCount><uiSyncStatus>0</uiSyncStatus><uiLastSyncResult>0</uiLastSyncResult><lastNotifiedMessageKey>0</lastNotifiedMessageKey><lastNotifiedMessageCount>0</lastNotifiedMessageCount><totalCount>-9999</totalCount><lastSeenMessageKey>0</lastSeenMessageKey><lastTouchedTime>0</lastTouchedTime><folderremotemessageuid></folderremotemessageuid><reserverstring1></reserverstring1><reserverlong1>0</reserverlong1></Item><Item><accountKey>164213442</accountKey><delimiter>47</delimiter><displayName>垃圾邮件</displayName><flagVisible>1</flagVisible><flags>24</flags><_id>8</_id><parentServerId></parentServerId><serverId>垃圾邮件</serverId><syncInterval>0</syncInterval><syncKey></syncKey><syncLookback>0</syncLookback><syncStatus></syncStatus><syncTime>0</syncTime><type>1</type><unreadCount>0</unreadCount><visibleLimit>25</visibleLimit><timeStamp>1376317787952</timeStamp><parentKey>-1</parentKey><messageCount>0</messageCount><uiSyncStatus>0</uiSyncStatus><uiLastSyncResult>0</uiLastSyncResult><lastNotifiedMessageKey>0</lastNotifiedMessageKey><lastNotifiedMessageCount>0</lastNotifiedMessageCount><totalCount>-9999</totalCount><lastSeenMessageKey>0</lastSeenMessageKey><lastTouchedTime>0</lastTouchedTime><folderremotemessageuid></folderremotemessageuid><reserverstring1></reserverstring1><reserverlong1>0</reserverlong1></Item><Item><accountKey>164213442</accountKey><delimiter>47</delimiter><displayName>病毒文件夹</displayName><flagVisible>1</flagVisible><flags>24</flags><_id>9</_id><parentServerId></parentServerId><serverId>病毒文件夹</serverId><syncInterval>0</syncInterval><syncKey></syncKey><syncLookback>0</syncLookback><syncStatus></syncStatus><syncTime>0</syncTime><type>1</type><unreadCount>0</unreadCount><visibleLimit>25</visibleLimit><timeStamp>1376317787959</timeStamp><parentKey>-1</parentKey><messageCount>0</messageCount><uiSyncStatus>0</uiSyncStatus><uiLastSyncResult>0</uiLastSyncResult><lastNotifiedMessageKey>0</lastNotifiedMessageKey><lastNotifiedMessageCount>0</lastNotifiedMessageCount><totalCount>-9999</totalCount><lastSeenMessageKey>0</lastSeenMessageKey><lastTouchedTime>0</lastTouchedTime><folderremotemessageuid></folderremotemessageuid><reserverstring1></reserverstring1><reserverlong1>0</reserverlong1></Item></EMailMailBox>