<?xml version='1.0' encoding='UTF-8' standalone='yes' ?><QuickDial Count="10" DataVersion="2"><Item><keyid>1</keyid><id>0</id><name>盛小根</name><phonenum>18926081734</phonenum><ip>0</ip><nettype>0</nettype></Item><Item><keyid>2</keyid><id>1</id><name>张小剑</name><phonenum>13392897610</phonenum><ip>0</ip><nettype>0</nettype></Item><Item><keyid>3</keyid><id>2</id><name>Davy</name><phonenum>13316523214</phonenum><ip>0</ip><nettype>1</nettype></Item><Item><keyid>4</keyid><id>3</id><name>肖妹</name><phonenum>18926081739</phonenum><ip>0</ip><nettype>0</nettype></Item><Item><keyid>5</keyid><id>4</id><name>郝严</name><phonenum>13325412365</phonenum><ip>0</ip><nettype>0</nettype></Item><Item><keyid>6</keyid><id>5</id><name>汤丽莎</name><phonenum>18820251601</phonenum><ip>0</ip><nettype>1</nettype></Item><Item><keyid>7</keyid><id>6</id><name>杨凯伟</name><phonenum>15874236521</phonenum><ip>0</ip><nettype>1</nettype></Item><Item><keyid>8</keyid><id>7</id><name>文菲菲</name><phonenum>18926081742</phonenum><ip>0</ip><nettype>0</nettype></Item><Item><keyid>9</keyid><id>8</id><name>刘小青</name><phonenum>13392897602</phonenum><ip>0</ip><nettype>0</nettype></Item><Item><keyid>10</keyid><id>9</id><name>崔健</name><phonenum>13318654755</phonenum><ip>0</ip><nettype>1</nettype></Item></QuickDial>