<?xml version='1.0' encoding='UTF-8' standalone='yes' ?><calls_parent count="41"><calls_child _id="43" number="18926081734" date="1378458198835" duration="0" type="2" new="1" name="盛小根" numbertype="2" numberlabel="" moduletype="2" CallsStat_id="39" statNew="0" /><calls_child _id="42" number="18926081737" date="1378458190917" duration="0" type="2" new="1" name="张诗雅" numbertype="3" numberlabel="" moduletype="1" CallsStat_id="38" statNew="0" /><calls_child _id="41" number="13392897610" date="1378458174547" duration="0" type="2" new="1" name="张小剑" numbertype="3" numberlabel="" moduletype="1" CallsStat_id="37" statNew="0" /><calls_child _id="40" number="18625412365" date="1378458165417" duration="0" type="2" new="1" name="宋悦" numbertype="2" numberlabel="" moduletype="1" CallsStat_id="36" statNew="0" /><calls_child _id="39" number="18926081741" date="1378458149414" duration="0" type="2" new="1" name="于小雨" numbertype="2" numberlabel="" moduletype="1" CallsStat_id="35" statNew="0" /><calls_child _id="38" number="18820251601" date="1378458140385" duration="0" type="2" new="1" name="汤丽莎" numbertype="2" numberlabel="" moduletype="2" CallsStat_id="34" statNew="0" /><calls_child _id="37" number="18926081734" date="1378458119225" duration="0" type="2" new="1" name="盛小根" numbertype="2" numberlabel="" moduletype="2" CallsStat_id="33" statNew="0" /><calls_child _id="36" number="18926081737" date="1378458110568" duration="0" type="2" new="1" name="张诗雅" numbertype="3" numberlabel="" moduletype="1" CallsStat_id="32" statNew="0" /><calls_child _id="35" number="18926081734" date="1378458101884" duration="0" type="2" new="1" name="盛小根" numbertype="2" numberlabel="" moduletype="2" CallsStat_id="31" statNew="0" /><calls_child _id="34" number="13392897610" date="1378457547241" duration="0" type="2" new="1" name="张小剑" numbertype="3" numberlabel="" moduletype="1" CallsStat_id="30" statNew="0" /><calls_child _id="1" number="18926081734" date="1378451797068" duration="0" type="2" new="1" name="盛小根" numbertype="2" numberlabel="" moduletype="1" CallsStat_id="1" statNew="0" /><calls_child _id="2" number="18926081734" date="1378447356430" duration="0" type="2" new="1" name="盛小根" numbertype="2" numberlabel="" moduletype="2" CallsStat_id="2" statNew="0" /><calls_child _id="3" number="18926081737" date="1378447334793" duration="0" type="2" new="1" name="张诗雅" numbertype="3" numberlabel="" moduletype="1" CallsStat_id="3" statNew="0" /><calls_child _id="4" number="18926081737" date="1378447305342" duration="0" type="2" new="1" name="张诗雅" numbertype="3" numberlabel="" moduletype="1" CallsStat_id="3" statNew="0" /><calls_child _id="6" number="18926081734" date="1376317485771" duration="0" type="2" new="1" name="盛小根" numbertype="2" numberlabel="" moduletype="1" CallsStat_id="5" statNew="0" /><calls_child _id="7" number="13392897610" date="1376317478118" duration="0" type="2" new="1" name="张小剑" numbertype="3" numberlabel="" moduletype="1" CallsStat_id="6" statNew="0" /><calls_child _id="8" number="13392897610" date="1376317467670" duration="0" type="2" new="1" name="张小剑" numbertype="3" numberlabel="" moduletype="1" CallsStat_id="6" statNew="0" /><calls_child _id="9" number="18926081734" date="1376317460539" duration="0" type="2" new="1" name="盛小根" numbertype="2" numberlabel="" moduletype="1" CallsStat_id="7" statNew="0" /><calls_child _id="10" number="13392897604" date="1376317404775" duration="0" type="2" new="1" name="程樊" numbertype="2" numberlabel="" moduletype="1" CallsStat_id="8" statNew="0" /><calls_child _id="11" number="13316523214" date="1376317282317" duration="0" type="2" new="1" name="Davy" numbertype="2" numberlabel="" moduletype="1" CallsStat_id="9" statNew="0" /><calls_child _id="12" number="18926081739" date="1376311755401" duration="0" type="2" new="1" name="肖妹" numbertype="2" numberlabel="" moduletype="1" CallsStat_id="10" statNew="0" /><calls_child _id="13" number="13325412365" date="1376310858225" duration="0" type="2" new="1" name="郝严" numbertype="2" numberlabel="" moduletype="1" CallsStat_id="11" statNew="0" /><calls_child _id="14" number="15361647823" date="1376310847627" duration="0" type="2" new="1" name="崔鹏" numbertype="2" numberlabel="" moduletype="1" CallsStat_id="12" statNew="0" /><calls_child _id="15" number="13392897605" date="1376310812176" duration="0" type="2" new="1" name="饶成" numbertype="2" numberlabel="" moduletype="1" CallsStat_id="13" statNew="0" /><calls_child _id="16" number="13316997623" date="1376310803701" duration="0" type="2" new="1" name="何斌斌" numbertype="2" numberlabel="" moduletype="1" CallsStat_id="14" statNew="0" /><calls_child _id="17" number="13392897609" date="1375712872548" duration="0" type="2" new="1" name="梁林" numbertype="2" numberlabel="" moduletype="2" CallsStat_id="15" statNew="0" /><calls_child _id="18" number="13392897603" date="1375344944353" duration="0" type="2" new="1" name="程琳" numbertype="3" numberlabel="" moduletype="1" CallsStat_id="16" statNew="0" /><calls_child _id="19" number="13392897603" date="1375344855276" duration="0" type="2" new="1" name="程琳" numbertype="3" numberlabel="" moduletype="1" CallsStat_id="16" statNew="0" /><calls_child _id="20" number="13392897607" date="1375344845318" duration="0" type="2" new="1" name="杨凯伟" numbertype="1" numberlabel="" moduletype="1" CallsStat_id="17" statNew="0" /><calls_child _id="21" number="18926081742" date="1375344824987" duration="0" type="2" new="1" name="文菲菲" numbertype="2" numberlabel="" moduletype="1" CallsStat_id="18" statNew="0" /><calls_child _id="22" number="13392897607" date="1375344808365" duration="0" type="2" new="1" name="杨凯伟" numbertype="1" numberlabel="" moduletype="1" CallsStat_id="19" statNew="0" /><calls_child _id="23" number="18820251601" date="1375344516165" duration="0" type="2" new="1" name="汤丽莎" numbertype="2" numberlabel="" moduletype="1" CallsStat_id="20" statNew="0" /><calls_child _id="24" number="18820251593" date="1375344499737" duration="0" type="2" new="1" name="程琳" numbertype="2" numberlabel="" moduletype="1" CallsStat_id="21" statNew="0" /><calls_child _id="25" number="18926081742" date="1375344154068" duration="0" type="2" new="1" name="文菲菲" numbertype="2" numberlabel="" moduletype="1" CallsStat_id="22" statNew="0" /><calls_child _id="26" number="13392897611" date="1375344139086" duration="0" type="2" new="1" name="陈雪琴" numbertype="2" numberlabel="" moduletype="1" CallsStat_id="23" statNew="0" /><calls_child _id="27" number="18926081741" date="1375343575093" duration="0" type="2" new="1" name="于小雨" numbertype="2" numberlabel="" moduletype="1" CallsStat_id="24" statNew="0" /><calls_child _id="28" number="13392897607" date="1375343396268" duration="0" type="2" new="1" name="杨凯伟" numbertype="1" numberlabel="" moduletype="1" CallsStat_id="25" statNew="0" /><calls_child _id="29" number="13392897607" date="1375343368196" duration="14" type="2" new="1" name="杨凯伟" numbertype="1" numberlabel="" moduletype="1" CallsStat_id="25" statNew="0" /><calls_child _id="30" number="13392897604" date="1375342821902" duration="11" type="2" new="1" name="程樊" numbertype="2" numberlabel="" moduletype="1" CallsStat_id="26" statNew="0" /><calls_child _id="31" number="18820251602" date="1375337448460" duration="1" type="2" new="1" name="盛小根" numbertype="1" numberlabel="" moduletype="1" CallsStat_id="27" statNew="0" /><calls_child _id="32" number="075583301199" date="1374580976481" duration="0" type="3" new="0" name="肖志伟" numbertype="3" numberlabel="" moduletype="1" CallsStat_id="28" statNew="0" /></calls_parent>